<annotation>
	<folder>Original_Images_and_Localization_Boxes</folder>
	<filename>id_9326106.jpg</filename>
	<path>C:\Users\Elham\Desktop\BrianMG_OAI_300_EM_April_29_2022\Knee_Joint_Area_Localization_Few_Shot_300images_Jan3_2023\Original_Images_and_Localization_Boxes\id_9326106.jpg</path>
	<source>
		<database>Unknown</database>
	</source>
	<size>
		<width>623</width>
		<height>512</height>
		<depth>1</depth>
	</size>
	<segmented>0</segmented>
	<object>
		<name>KneeAPView</name>
		<pose>Unspecified</pose>
		<truncated>0</truncated>
		<difficult>0</difficult>
		<bndbox>
			<xmin>353</xmin>
			<ymin>154</ymin>
			<xmax>491</xmax>
			<ymax>290</ymax>
		</bndbox>
	</object>
	<object>
		<name>KneeAPView</name>
		<pose>Unspecified</pose>
		<truncated>0</truncated>
		<difficult>0</difficult>
		<bndbox>
			<xmin>141</xmin>
			<ymin>149</ymin>
			<xmax>279</xmax>
			<ymax>290</ymax>
		</bndbox>
	</object>
</annotation>
