<annotation>
	<folder>Original_Images_and_Localization_Boxes</folder>
	<filename>id_9370170.jpg</filename>
	<path>C:\Users\Elham\Desktop\BrianMG_OAI_300_EM_April_29_2022\Knee_Joint_Area_Localization_Few_Shot_300images_Jan3_2023\Original_Images_and_Localization_Boxes\id_9370170.jpg</path>
	<source>
		<database>Unknown</database>
	</source>
	<size>
		<width>1072</width>
		<height>883</height>
		<depth>1</depth>
	</size>
	<segmented>0</segmented>
	<object>
		<name>KneeAPView</name>
		<pose>Unspecified</pose>
		<truncated>0</truncated>
		<difficult>0</difficult>
		<bndbox>
			<xmin>582</xmin>
			<ymin>328</ymin>
			<xmax>828</xmax>
			<ymax>562</ymax>
		</bndbox>
	</object>
	<object>
		<name>KneeAPView</name>
		<pose>Unspecified</pose>
		<truncated>0</truncated>
		<difficult>0</difficult>
		<bndbox>
			<xmin>178</xmin>
			<ymin>304</ymin>
			<xmax>420</xmax>
			<ymax>551</ymax>
		</bndbox>
	</object>
</annotation>
