<annotation>
	<folder>Original_Images_and_Localization_Boxes</folder>
	<filename>id_9387130.jpg</filename>
	<path>C:\Users\Elham\Desktop\BrianMG_OAI_300_EM_April_29_2022\Knee_Joint_Area_Localization_Few_Shot_300images_Jan3_2023\Original_Images_and_Localization_Boxes\id_9387130.jpg</path>
	<source>
		<database>Unknown</database>
	</source>
	<size>
		<width>707</width>
		<height>580</height>
		<depth>1</depth>
	</size>
	<segmented>0</segmented>
	<object>
		<name>KneeAPView</name>
		<pose>Unspecified</pose>
		<truncated>0</truncated>
		<difficult>0</difficult>
		<bndbox>
			<xmin>416</xmin>
			<ymin>206</ymin>
			<xmax>563</xmax>
			<ymax>349</ymax>
		</bndbox>
	</object>
	<object>
		<name>KneeAPView</name>
		<pose>Unspecified</pose>
		<truncated>0</truncated>
		<difficult>0</difficult>
		<bndbox>
			<xmin>168</xmin>
			<ymin>208</ymin>
			<xmax>311</xmax>
			<ymax>353</ymax>
		</bndbox>
	</object>
</annotation>
