<annotation>
	<folder>Original_Images_and_Localization_Boxes</folder>
	<filename>id_9326657.jpg</filename>
	<path>C:\Users\Elham\Desktop\BrianMG_OAI_300_EM_April_29_2022\Knee_Joint_Area_Localization_Few_Shot_300images_Jan3_2023\Original_Images_and_Localization_Boxes\id_9326657.jpg</path>
	<source>
		<database>Unknown</database>
	</source>
	<size>
		<width>535</width>
		<height>440</height>
		<depth>1</depth>
	</size>
	<segmented>0</segmented>
	<object>
		<name>KneeAPView</name>
		<pose>Unspecified</pose>
		<truncated>0</truncated>
		<difficult>0</difficult>
		<bndbox>
			<xmin>295</xmin>
			<ymin>198</ymin>
			<xmax>408</xmax>
			<ymax>307</ymax>
		</bndbox>
	</object>
	<object>
		<name>KneeAPView</name>
		<pose>Unspecified</pose>
		<truncated>0</truncated>
		<difficult>0</difficult>
		<bndbox>
			<xmin>119</xmin>
			<ymin>197</ymin>
			<xmax>233</xmax>
			<ymax>310</ymax>
		</bndbox>
	</object>
</annotation>
