<annotation>
	<folder>Original_Images_and_Localization_Boxes</folder>
	<filename>id_9385075.jpg</filename>
	<path>C:\Users\Elham\Desktop\BrianMG_OAI_300_EM_April_29_2022\Knee_Joint_Area_Localization_Few_Shot_300images_Jan3_2023\Original_Images_and_Localization_Boxes\id_9385075.jpg</path>
	<source>
		<database>Unknown</database>
	</source>
	<size>
		<width>1093</width>
		<height>872</height>
		<depth>1</depth>
	</size>
	<segmented>0</segmented>
	<object>
		<name>KneeAPView</name>
		<pose>Unspecified</pose>
		<truncated>0</truncated>
		<difficult>0</difficult>
		<bndbox>
			<xmin>683</xmin>
			<ymin>280</ymin>
			<xmax>953</xmax>
			<ymax>510</ymax>
		</bndbox>
	</object>
	<object>
		<name>KneeAPView</name>
		<pose>Unspecified</pose>
		<truncated>0</truncated>
		<difficult>0</difficult>
		<bndbox>
			<xmin>128</xmin>
			<ymin>271</ymin>
			<xmax>417</xmax>
			<ymax>499</ymax>
		</bndbox>
	</object>
</annotation>
