<annotation>
	<folder>Original_Images_and_Localization_Boxes</folder>
	<filename>id_9438237.jpg</filename>
	<path>C:\Users\Elham\Desktop\BrianMG_OAI_300_EM_April_29_2022\Knee_Joint_Area_Localization_Few_Shot_300images_Jan3_2023\Original_Images_and_Localization_Boxes\id_9438237.jpg</path>
	<source>
		<database>Unknown</database>
	</source>
	<size>
		<width>1074</width>
		<height>871</height>
		<depth>1</depth>
	</size>
	<segmented>0</segmented>
	<object>
		<name>KneeAPView</name>
		<pose>Unspecified</pose>
		<truncated>0</truncated>
		<difficult>0</difficult>
		<bndbox>
			<xmin>672</xmin>
			<ymin>394</ymin>
			<xmax>928</xmax>
			<ymax>667</ymax>
		</bndbox>
	</object>
	<object>
		<name>KneeAPView</name>
		<pose>Unspecified</pose>
		<truncated>0</truncated>
		<difficult>0</difficult>
		<bndbox>
			<xmin>84</xmin>
			<ymin>360</ymin>
			<xmax>351</xmax>
			<ymax>638</ymax>
		</bndbox>
	</object>
</annotation>
