<annotation>
	<folder>Original_Images_and_Localization_Boxes</folder>
	<filename>id_9398062.jpg</filename>
	<path>C:\Users\Elham\Desktop\BrianMG_OAI_300_EM_April_29_2022\Knee_Joint_Area_Localization_Few_Shot_300images_Jan3_2023\Original_Images_and_Localization_Boxes\id_9398062.jpg</path>
	<source>
		<database>Unknown</database>
	</source>
	<size>
		<width>1097</width>
		<height>871</height>
		<depth>1</depth>
	</size>
	<segmented>0</segmented>
	<object>
		<name>KneeAPView</name>
		<pose>Unspecified</pose>
		<truncated>0</truncated>
		<difficult>0</difficult>
		<bndbox>
			<xmin>608</xmin>
			<ymin>240</ymin>
			<xmax>826</xmax>
			<ymax>541</ymax>
		</bndbox>
	</object>
	<object>
		<name>KneeAPView</name>
		<pose>Unspecified</pose>
		<truncated>0</truncated>
		<difficult>0</difficult>
		<bndbox>
			<xmin>173</xmin>
			<ymin>248</ymin>
			<xmax>393</xmax>
			<ymax>513</ymax>
		</bndbox>
	</object>
</annotation>
